,Model,Accuracy
0,MobileNetV2,0.5733333230018616
1,Sequential_13,0.2177777737379074
2,MobileNetV2,0.5357142686843872
3,InceptionV3,0.8806670308113098
